Year,Month,Date,Day,Client Name,Ship,Port,Country,Arrival Hour,Departure Hour,Terminal,Turnaround,Shorex,Staff,Pre & Post Shorex,Port Ops,Crew Hotel,Passengers Hotel,Overland Tours,Other Services,Comments,Status in ASX,Port Call Code
2023,OCT,2023-10-19 00:00:00,Thu,Yellow Cruises, Moonshadow, Oak Port,Australia,06:30:00,18:45:00,,x,,,,,,,,,,,
2023,OCT,2023-10-21 00:00:00,Sat,Yellow Cruises, Moonshadow, Maple Port,Australia,08:00:00,18:00:00,,,x,,,,,,,,,,
2023,OCT,2023-10-22 00:00:00,Sun,Thursday Cruises, Solar Flare, Oak Port,Australia,06:00:00,16:00:00,,x,,,,,,,,,,,
2023,OCT  ,2023-10-22 00:00:00,Sun,Yellow Cruises, Andromeda Star, Oak Port,Australia,06:30:00,18:45:00,,x,,,,,,,,,,,
2023,OCT,2023-10-23 00:00:00,Mon,Yellow Cruises, Moonshadow, Birch Port,Australia,07:00:00,16:00:00,,,x,,,,,,,,,,
2023,OCT  ,2023-10-23 00:00:00,Mon,Yellow Cruises, Andromeda Star, Willow Port,Australia,09:00:00,19:00:00,,,x,,,,,,,,,,
2023,OCT,2023-10-24 00:00:00,Tue,Yellow Cruises, Moonshadow, Cedar Port,Australia,08:00:00,17:00:00,,,x,,,,,,,,,,
2023,OCT,2023-10-27 00:00:00,Fri,Yellow Cruises, Moonshadow, Redwood Port,Australia,08:00:00,18:00:00,,,x,,,,,,,,,,
2023,OCT  ,2023-10-27 00:00:00,Fri,Yellow Cruises, Celestial Voyager, Oak Port,Australia,06:45:00,O/N,,x,,,,,,,,,,,
2023,OCT  ,2023-10-28 00:00:00,Sat,Yellow Cruises, Celestial Voyager, Oak Port,Australia,O/N,16:45:00,,x,,,,,,,,,,,
2023,OCT  ,2023-10-28 00:00:00,Sat,Yellow Cruises, Andromeda Star, Ash Port,Australia,09:00:00,19:00:00,,,x,,,,,,,,,,
2023,OCT  ,2023-10-28 00:00:00,Sat,Yellow Cruises, Astral Phoenix, Maple Port,Australia,06:30:00,16:30:00,,x,,,,,,,,,,,
2023,OCT  ,2023-10-29 00:00:00,Sun,Yellow Cruises, Andromeda Star, Oak Port,Australia,06:30:00,18:45:00,,x,,,,,,,,,,,
2023,OCT  ,2023-10-30 00:00:00,Mon,Yellow Cruises, Celestial Voyager, Beech Port,Australia,08:15:00,16:30:00,,,x,,,,,,,,,,
2023,NOV,2023-11-01 00:00:00,Wed,Yellow Cruises, Celestial Voyager, Oak Port,Australia,07:45:00,17:45:00,,x,,,,,,,,,,,
2023,NOV,2023-11-03 00:00:00,Fri,Yellow Cruises, Celestial Voyager, Elm Port,Australia,08:00:00,16:00:00,,x,,,,,,,,,,,
2023,NOV,2023-11-03 00:00:00,Fri,Yellow Cruises, Astral Odyssey, Oak Port,Australia,06:30:00,18:45:00,,x,,,,,,,,,,,
2023,NOV,2023-11-04 00:00:00,Sat,Yellow Cruises, Astral Phoenix, Maple Port,Australia,06:30:00,16:30:00,,x,,,,,,,,,,,
2023,NOV,2023-11-05 00:00:00,Sun,Yellow Cruises, Celestial Voyager, Elm Port,Australia,07:45:00,16:00:00,,x,,,,,,,,,,,
2023,NOV,2023-11-06 00:00:00,Mon,Yellow Cruises, Astral Phoenix, Birch Port,Australia,07:00:00,17:00:00,,,x,,,,,,,,,,
2023,NOV,2023-11-07 00:00:00,Tue,Yellow Cruises, Celestial Voyager, Beech Port,Australia,08:15:00,16:30:00,,,x,,,,,,,,,,
2023,NOV,2023-11-07 00:00:00,Tue,Yellow Cruises, Astral Phoenix, Poplar Port,Australia,09:00:00,17:00:00,,,x,,,,,,,,,,
2023,NOV,2023-11-08 00:00:00,Wed,Yellow Cruises, Andromeda Star, Oak Port,Australia,06:30:00,18:45:00,,x,,,,,,,,,,,
2023,NOV,2023-11-09 00:00:00,Thu,Yellow Cruises, Andromeda Star, Willow Port,Australia,09:00:00,18:00:00,,,x,,,,,,,,,,
2023,NOV,2023-11-09 00:00:00,Thu,Yellow Cruises, Celestial Voyager, Elm Port,Australia,07:45:00,16:00:00,,x,,,,,,,,,,,
2023,NOV,2023-11-10 00:00:00,Fri,Yellow Cruises, Astral Phoenix, Maple Port,Australia,06:30:00,16:30:00,,x,,,,,,,,,,,
2023,NOV,2023-11-10 00:00:00,Tue,Yellow Cruises, Astral Odyssey, Oak Port,Australia,06:30:00,18:45:00,,x,,,,,,,,,,,
2023,NOV,2023-11-11 00:00:00,Sat,Yellow Cruises, Andromeda Star, Fir Port,Australia,09:00:00,19:00:00,,,x,,,,,,,,,,
2023,NOV,2023-11-11 00:00:00,Sat,Yellow Cruises, Astral Odyssey, Willow Port,Australia,10:00:00,20:00:00,,,x,,,,,,,,,,
2023,NOV,2023-11-12 00:00:00,Sun,Yellow Cruises, Andromeda Star, Cypress Port,Australia,08:00:00,19:00:00,,,x,,,,,,,,,,
2023,NOV,2023-11-12 00:00:00,Sun,Yellow Cruises, Celestial Voyager, Elm Port,Australia,07:45:00,16:00:00,,x,,,,,,,,,,,
2023,NOV,2023-11-13 00:00:00,Mon,Yellow Cruises, Astral Odyssey, Oak Port,Australia,06:30:00,18:45:00,,x,,,,,,,,,,,
2023,NOV,2023-11-14 00:00:00,Tue,Yellow Cruises, Celestial Voyager, Beech Port,Australia,08:15:00,16:30:00,,,x,,,,,,,,,,
2023,NOV,2023-11-14 00:00:00,Tue,Yellow Cruises, Andromeda Star, Elm Port,Australia,08:00:00,19:00:00,,,x,,,,,,,,,,
2023,NOV,2023-11-16 00:00:00,Thu,Yellow Cruises, Celestial Voyager, Elm Port,Australia,07:45:00,15:30:00,,x,,,,,,,,,,,
2023,NOV,2023-11-17 00:00:00,Fri,Yellow Cruises, Celestial Voyager, Willow Port,Australia,14:15:00,19:00:00,,,x,,,,,,,,,,
2023,NOV,2023-11-17 00:00:00,Fri,Yellow Cruises, Andromeda Star, Oak Port,Australia,06:30:00,18:45:00,,x,,,,,,,,,,,
2023,NOV,2023-11-17 00:00:00,Fri,Yellow Cruises, Astral Phoenix, Maple Port,Australia,06:30:00,16:30:00,,x,,,,,,,,,,,
2023,NOV,2023-11-17 00:00:00,Fri,Thursday Cruises, Celestial Serpent, Redwood Port,Australia,07:00:00,19:00:00,,,x,,,,,,,,,,
2023,NOV,2023-11-20 00:00:00,Mon,Yellow Cruises, Astral Phoenix, Maple Port,Australia,06:30:00,16:30:00,,x,,,,,,,,,,,
2023,NOV,2023-11-20 00:00:00,Mon,Thursday Cruises, Celestial Serpent, Walnut Port,Australia,08:00:00,18:00:00,,,x,,,,,,,,,,
2023,NOV,2023-11-22 00:00:00,Wed,Thursday Cruises, Celestial Serpent, Poplar Port,Australia,07:00:00,19:00:00,,x,,,,,,,,,,,
2023,NOV,2023-11-23 00:00:00,Thu,Yellow Cruises, Astral Odyssey, Oak Port,Australia,06:30:00,18:45:00,,x,,,,,,,,,,,
2023,NOV,2023-11-23 00:00:00,Thu,Thursday Cruises, Celestial Serpent, Sycamore Port,Australia,08:00:00,19:00:00,,,x,,,,,,,,,,
2023,NOV,2023-11-23 00:00:00,Thu,Domingo Cruises, Nebula Storm, Redwood Port,Australia,13:00:00,o/n,,,x,,,,,,,,,,
2023,NOV,2023-11-24 00:00:00,Fri,Yellow Cruises, Andromeda Star, Oak Port,Australia,06:30:00,18:45:00,,x,,,,,,,,,,,
2023,NOV,2023-11-24 00:00:00,Fri,Domingo Cruises, Nebula Storm, Redwood Port,Australia,o/n,13:00:00,,,x,,,,,,,,,,
2023,NOV,2023-11-26 00:00:00,Sun,Domingo Cruises, Nebula Storm, Walnut Port,Australia,12:00:00,19:00:00,,,x,,,,,,,,,,
2023,NOV,2023-11-27 00:00:00,Mon,River Cruises, Lonely Comet, Redwood Port,Australia,08:00:00,16:00:00,,,x,,,,,,,,,,
2023,NOV,2023-11-28 00:00:00,Tue,Yellow Cruises, Astral Phoenix, Maple Port,Australia,06:30:00,16:30:00,,x,,,,,,,,,,,
2023,NOV,2023-11-28 00:00:00,Tue,Domingo Cruises, Nebula Storm, Poplar Port,Australia,08:00:00,18:00:00,,,x,,,,,,,,,,
2023,NOV,2023-11-29 00:00:00,Wed,Domingo Cruises, Nebula Storm, Sycamore Port,Australia,08:00:00,18:00:00,,,x,,,,,,,,,,
2023,NOV,2023-11-30 00:00:00,Thu,Domingo Cruises, Nebula Storm, Birch Port,Australia,08:00:00,18:00:00,,,x,,,,,,,,,,
2023,NOV,2023-11-30 00:00:00,Thu,River Cruises, Lonely Comet, Cedar Port,Australia,10:00:00,17:00:00,,,x,,,,,,,,,,
2023,DEC,2023-12-01 00:00:00,Fri,Yellow Cruises, Andromeda Star, Oak Port,Australia,06:30:00,18:45:00,,x,,,,,,,,,,,
2023,DEC,2023-12-01 00:00:00,Thu,River Cruises, Lonely Comet, Birch Port,Australia,10:00:00,22:00:00,,,x,,,,,,,,,,
2023,DEC,2023-12-02 00:00:00,Sat,Yellow Cruises, Meteoric Storm, Redwood Port,Australia,07:00:00,16:00:00,,,x,,,,,,,,,,
2023,DEC,2023-12-02 00:00:00,Sat,Domingo Cruises, Nebula Storm, Cherry Port,Australia,08:00:00,18:00:00,,,x,,,,,,,,,,
2023,DEC,2023-12-03 00:00:00,Tue,Yellow Cruises, Astral Odyssey, Oak Port,Australia,06:30:00,17:00:00,,x,,,,,,,,,,,
2023,DEC,2023-12-04 00:00:00,Mon,Sea Cruises, Castor & Pollux, Apple Port,Australia,08:00:00,17:00:00,,,x,,,,,,,,,,
2023,DEC,2023-12-04 00:00:00,Mon,Domingo Cruises, Nebula Storm, Ash Port,Australia,12:00:00,19:30:00,,,x,,,,,,,,,,
2023,DEC,2023-12-04 00:00:00,Mon,River Cruises, Lonely Comet, Oak Port,Australia,19:00:00,o/n,,,x,,,,,,,,,,
2023,DEC,2023-12-05 00:00:00,Tue,Yellow Cruises, Meteoric Storm, Cedar Port,Australia,08:00:00,17:00:00,,,x,,,,,,,,,,
2023,DEC,2023-12-05 00:00:00,Tue,Domingo Cruises, Nebula Storm, Oak Port,Australia,06:30:00,o/n,,x,,,,,,,,,,,
2023,DEC,2023-12-05 00:00:00,Tue,River Cruises, Lonely Comet, Oak Port,Australia,o/n,o/n,,x,,,,,,,,,,,
2023,DEC,2023-12-06 00:00:00,Wed,Yellow Cruises, Meteoric Storm, Birch Port,Australia,09:00:00,18:00:00,,,x,,,,,,,,,,
2023,DEC,2023-12-06 00:00:00,Fri,Yellow Cruises, Astral Phoenix, Maple Port,Australia,06:30:00,16:30:00,,x,,,,,,,,,,,
2023,DEC,2023-12-06 00:00:00,Wed,Domingo Cruises, Nebula Storm, Oak Port,Australia,o/n,18:00:00,,,,,,,,,,,,,
2023,DEC,2023-12-06 00:00:00,Wed,River Cruises, Lonely Comet, Oak Port,Australia,o/n,o/n,,,x,,,,,,,,,,
2023,DEC,2023-12-07 00:00:00,Thu,Sea Cruises, Castor & Pollux, Pear Port,Australia,08:00:00,17:00:00,,,x,,,,,,,,,,
2023,DEC,2023-12-07 00:00:00,Thu,River Cruises, Lonely Comet, Oak Port,Australia,o/n,18:00:00,,,x,,,,,,,,,,
2023,DEC,2023-12-08 00:00:00,Fri,Yellow Cruises, Astral Phoenix, Birch Port,Australia,07:00:00,17:00:00,,,x,,,,,,,,,,
2023,DEC,2023-12-08 00:00:00,Fri,Yellow Cruises, Celestial Voyager, Maple Port,Australia,07:30:00,16:45:00,,x,,,,,,,,,,,
2023,DEC,2023-12-08 00:00:00,Fri,Sea Cruises, Castor & Pollux, Magnolia Port,Australia,10:00:00,o/n,,,x,,,,,,,,,,
2023,DEC,2023-12-08 00:00:00,Fri,Yellow Cruises, Andromeda Star, Oak Port,Australia,06:30:00,18:45:00,,x,,,,,,,,,,,
2023,DEC,2023-12-08 00:00:00,Fri,Domingo Cruises, Nebula Storm, Elm Port,Australia,08:00:00,23:00:00,,,X ,,,,,,,,,,
2023,DEC,2023-12-09 00:00:00,Sat,Yellow Cruises, Meteoric Storm, Oak Port,Australia,06:30:00,17:00:00,,x,,,,,,,,,,,
2023,DEC,2023-12-09 00:00:00,Sat,Sea Cruises, Castor & Pollux, Magnolia Port,Australia,o/n,20:00:00,,,x,,,,,,,,,,
2023,DEC,2023-12-09 00:00:00,Sat,River Cruises, Lonely Comet, Elm Port,Australia,10:00:00,o/n,,,,,,,,,,,,,
2023,DEC,2023-12-09 00:00:00,Sat,Yellow Cruises, Astral Phoenix, Poplar Port,Australia,09:00:00,17:00:00,,,x,,,,,,,,,,
2023,DEC,2023-12-10 00:00:00,Sun,Thursday Cruises, Solar Flare, Pear Port,Australia,11:00:00,18:00:00,,,x,,,,,,,,,,
2023,DEC,2023-12-10 00:00:00,Sun,Sea Cruises, Castor & Pollux, Palm Port,Australia,07:00:00,16:00:00,,,x,,,,,,,,,,
2023,DEC,2023-12-10 00:00:00,Sun,Domingo Cruises, Nebula Storm, Beech Port,Australia,07:00:00,16:00:00,,,x,,,,,,,,,,
2023,DEC,2023-12-10 00:00:00,Sun,River Cruises, Lonely Comet, Elm Port,Australia,o/n,o/n,,,,,,,,,,,,,
2023,DEC,2023-12-11 00:00:00,Mon,Yellow Cruises, Celestial Voyager, Maple Port,Australia,07:30:00,16:45:00,,x,,,,,,,,,,,
2023,DEC,2023-12-11 00:00:00,Mon,Thursday Cruises, Solar Flare, Magnolia Port,Australia,08:00:00,23:59:00,,,x,,,,,,,,,,
2023,DEC,2023-12-11 00:00:00,Mon,Sea Cruises, Castor & Pollux, Spruce Port,Australia,09:00:00,19:00:00,,,x,,,,,,,,,,
2023,DEC,2023-12-11 00:00:00,Mon,Sea Cruises, Star dust, Redwood Port,Australia,09:00:00,17:00:00,,,x,,,,,,,,,,
2023,DEC,2023-12-11 00:00:00,Mon,Yellow Cruises, Andromeda Star, Birch Port,Australia,07:00:00,18:00:00,,,x,,,,,,,,,,
2023,DEC,2023-12-11 00:00:00,Mon,River Cruises, Lonely Comet, Elm Port,Australia,06:30:00,18:00:00,,x,,,,,,,,,,,
2023,DEC,2023-12-12 00:00:00,Tue,Thursday Cruises, Solar Flare, Palm Port,Australia,08:00:00,17:00:00,,,x,,,,,,,,,,
2023,DEC,2023-12-12 00:00:00,Tue,Yellow Cruises, Astral Odyssey, Oak Port,,06:30:00,18:45:00,,x,,,,,,,,,,,
2023,DEC,2023-12-12 00:00:00,Fri,Yellow Cruises, Astral Phoenix, Maple Port,Australia,06:30:00,16:30:00,,x,,,,,,,,,,,
2023,DEC,2023-12-12 00:00:00,Tue,Yellow Cruises, Andromeda Star, Poplar Port,Australia,11:00:00,o/n,,,x,,,,,,,,,,
2023,DEC,2023-12-13 00:00:00,Wed,Yellow Cruises, Celestial Voyager, Oak Port,Australia,06:45:00,18:30:00,,,x,,,,,,,,,,
2023,DEC,2023-12-13 00:00:00,Wed,Thursday Cruises, Solar Flare, Spruce Port,Australia,08:00:00,18:00:00,,,x,,,,,,,,,,
2023,DEC,2023-12-13 00:00:00,Wed,Sea Cruises, Star dust, Walnut Port,Australia,12:00:00,19:00:00,,,x,,,,,,,,,,
2023,DEC,2023-12-13 00:00:00,Wed,River Cruises, Lonely Comet, Beech Port,Australia,08:00:00,o/n,,,x,,,,,,,,,,
2023,DEC,2023-12-13 00:00:00,Wed,Yellow Cruises, Andromeda Star, Poplar Port,Australia,o/n,22:00:00,,,x,,,,,,,,,,
2023,DEC,2023-12-14 00:00:00,Thu,Sea Cruises, Castor & Pollux, Cypress Port,Australia,10:00:00,23:00:00,,,x,,,,,,,,,,
2023,DEC,2023-12-14 00:00:00,Thu,Yellow Cruises, Andromeda Star, Hemlock Port,Australia,07:00:00,17:30:00,,,x,,,,,,,,,,
2023,DEC,2023-12-14 00:00:00,Thu,River Cruises, Lonely Comet, Beech Port,Australia,o/n,14:00:00,,,x,,,,,,,,,,
2023,DEC,2023-12-15 00:00:00,Fri,Yellow Cruises, Celestial Voyager, Maple Port,Australia,07:30:00,16:45:00,,x,,,,,,,,,,,
2023,DEC,2023-12-15 00:00:00,Fri,Sea Cruises, Castor & Pollux, Fir Port,Australia,07:00:00,18:00:00,,,x,,,,,,,,,,
2024,FEB,2024-02-01 00:00:00,Thu,Yellow Cruises, Orion's Fury, Alder Port,Australia,10:00:00,18:00:00,,,x,,,,,,,,,,
2023,DEC,2023-12-15 00:00:00,Fri,Sea Cruises, Star dust, Poplar Port,Australia,07:00:00,19:00:00,,,x,,,,,,,,,,
2023,DEC,2023-12-16 00:00:00,Sat,Thursday Cruises, Solar Flare, Fir Port,Australia,07:00:00,16:00:00,,,x,,,,,,,,,,
2023,DEC,2023-12-16 00:00:00,Sat,Sea Cruises, Star dust, Sycamore Port,Australia,08:00:00,19:00:00,,,x,,,,,,,,,,
2023,DEC,2023-12-16 00:00:00,Sat,River Cruises, Lonely Comet, Elm Port,Australia,06:30:00,18:00:00,,x,,,,,,,,,,,
2023,DEC,2023-12-17 00:00:00,Sun,Yellow Cruises, Celestial Voyager, Oak Port,Australia,08:30:00,16:45:00,,,x,,,,,,,,,,
2023,DEC,2023-12-17 00:00:00,Sun,Thursday Cruises, Solar Flare, Cypress Port,Australia,07:00:00,23:00:00,,,x,,,,,,,,,,
2023,DEC,2023-12-17 00:00:00,Sun,Sea Cruises, Castor & Pollux, Elm Port,Australia,08:00:00,o/n,,,x,,,,,,,,,,
2023,DEC,2023-12-17 00:00:00,Sun,Sea Cruises, Star dust, Birch Port,Australia,07:00:00,17:00:00,,,x,,,,,,,,,,
2023,DEC,2023-12-18 00:00:00,Mon,Sea Cruises, Castor & Pollux, Elm Port,Australia,o/n,17:00:00,,,x,,,,,,,,,,
2023,DEC,2023-12-18 00:00:00,Mon,Yellow Cruises, Andromeda Star, Willow Port,Australia,08:00:00,16:30:00,,,x,,,,,,,,,,
2023,DEC,2023-12-18 00:00:00,Mon,River Cruises, Lonely Comet, Beech Port,Australia,08:00:00,o/n,,,x,,,,,,,,,,
2023,DEC,2023-12-19 00:00:00,Tue,Yellow Cruises, Interstellar Iris, Pear Port,Australia,08:00:00,18:00:00,,,x,,,,,,,,,,
2023,DEC,2023-12-19 00:00:00,Tue,Sea Cruises, Castor & Pollux, Alder Port,Australia,08:00:00,18:00:00,,,x,,,,,,,,,,
08:00:00,DEC,2023-12-19 00:00:00,Tue,Sea Cruises, Star dust, Cherry Port,Australia,08:00:00,18:00:00,,,x,,,,,,,,,,
2023,DEC,2023-12-19 00:00:00,Tue,Yellow Cruises, Andromeda Star, Oak Port,Australia,06:30:00,18:45:00,,x,,,,,,,,,,,
2023,DEC,2023-12-19 00:00:00,Tue,Thursday Cruises, Celestial Serpent, Willow Port,Australia,08:00:00,18:00:00,,,x,,,,,,,,,,
2023,DEC,2023-12-19 00:00:00,Tue,River Cruises, Lonely Comet, Beech Port,Australia,o/n,02:00:00,,,x,,,,,,,,,,
2023,DEC,2023-12-20 00:00:00,Wed,Yellow Cruises, Interstellar Iris, Magnolia Port,Australia,09:00:00,o/n,,,x,,,,,,,,,,
2023,DEC,2023-12-20 00:00:00,Wed,Yellow Cruises, Celestial Voyager, Maple Port,Australia,07:30:00,16:45:00,,x,,,,,,,,,,,
2023,DEC,2023-12-20 00:00:00,Wed,Thursday Cruises, Celestial Serpent, Oak Port,Australia,07:30:00,19:00:00,,x,,,,,,,,,,,
2023,DEC,2023-12-21 00:00:00,Thu,Yellow Cruises, Interstellar Iris, Magnolia Port,Australia,o/n,18:00:00,,x,,,,,,x,,,,,
2023,DEC,2023-12-21 00:00:00,Thu,Yellow Cruises, Meteoric Storm, Oak Port,Australia,06:30:00,18:45:00,,x,,,,,,,,,,,
2023,DEC,2023-12-21 00:00:00,Thu,Thursday Cruises, Solar Flare, Beech Port,Australia,10:00:00,18:00:00,,,x,,,,,,,,,,
2023,DEC,2023-12-21 00:00:00,Thu,Sea Cruises, Castor & Pollux, Oak Port,Australia,07:00:00,18:00:00,,x,,,,,,,,,,,
2023,DEC,2023-12-21 00:00:00,Thu,Sea Cruises, Star dust, Ash Port,Australia,08:00:00,18:00:00,,,x,,,,,,,,,,
2023,DEC,2023-12-21 00:00:00,Thu,Yellow Cruises, Astral Phoenix, Maple Port,Australia,06:30:00,16:30:00,,x,,,,,,,,,,,
2023,DEC,2023-12-21 00:00:00,Thu,Thursday Cruises, Celestial Serpent, Oak Port,Australia,o/n,19:00:00,,x,,,,,,,,,,,
2023,DEC,2023-12-21 00:00:00,Thu,River Cruises, Lonely Comet, Elm Port,Australia,06:30:00,18:00:00,,x,,,,,,,,,,,
2023,DEC,2023-12-22 00:00:00,Fri,Yellow Cruises, Interstellar Iris, Palm Port,Australia,07:30:00,17:30:00,,,x,,,,,,,,,,
2023,DEC,2023-12-22 00:00:00,Fri,Yellow Cruises, Meteoric Storm, Ash Port,Australia,09:00:00,18:00:00,,,x,,,,,,,,,,
2023,DEC,2023-12-22 00:00:00,Fri,Yellow Cruises, Celestial Voyager, Maple Port,Australia,07:30:00,16:45:00,,x,,,,,,,,,,,
2023,DEC,2023-12-22 00:00:00,Fri,Sea Cruises, Star dust, Oak Port,Australia,07:00:00,18:00:00,,x,,,,,,,,,,,
2023,DEC,2023-12-22 00:00:00,Fri,Thursday Cruises, Celestial Serpent, Willow Port,Australia,10:00:00,23:00:00,,,x,,,,,,,,,,
2024,JAN,2024-01-21 00:00:00,Sun,Sea Cruises, Castor & Pollux, Alder Port,Australia,08:00:00,16:00:00,,,x,,,,,,,,,,
2023,DEC,2023-12-23 00:00:00,Sat,Yellow Cruises, Interstellar Iris, Spruce Port,Australia,11:30:00,18:00:00,,,x,,,,,,,,,,
2023,DEC,2023-12-23 00:00:00,Sat,Thursday Cruises, Solar Flare, Oak Port,Australia,06:00:00,o/n,,x,,,,,,,,,,,
2023,DEC,2023-12-23 00:00:00,Sat,Sea Cruises, Castor & Pollux, Maple Port,Australia,07:00:00,20:00:00,,,x,,,,,,,,,,
2023,DEC,2023-12-23 00:00:00,Sat,Yellow Cruises, Astral Odyssey, Oak Port,Australia,06:30:00,17:00:00,,x,,,,,,,,,,,
2023,DEC,2023-12-23 00:00:00,Sat,River Cruises, Lonely Comet, Elm Port,Australia,06:30:00,18:00:00,,x,,,,,,,,,,,
2023,DEC,2023-12-24 00:00:00,Sun,Thursday Cruises, Solar Flare, Oak Port,Australia,o/n,18:00:00,,,x,,,,,,,,,,
2023,DEC,2023-12-24 00:00:00,Sun,Yellow Cruises, Interstellar Iris, Eucalyptus Port,Australia,09:00:00,15:00:00,,,x,,,,,,,,,,
2023,DEC,2023-12-24 00:00:00,Sun,Yellow Cruises, Celestial Voyager, Oak Port,Australia,08:00:00,16:00:00,,x,,,,,,,,,,,
2023,DEC,2023-12-24 00:00:00,Sun,Sea Cruises, Castor & Pollux, Cherry Port,Australia,07:00:00,17:00:00,,,x,,,,,,,,,,
2023,DEC,2023-12-24 00:00:00,Sun,Sea Cruises, Star dust, Elm Port,Australia,07:00:00,o/n,,,x,,,,,,,,,,
2023,DEC,2023-12-24 00:00:00,Sun,Thursday Cruises, Celestial Serpent, Beech Port,Australia,08:00:00,17:00:00,,,x,,,,,,,,,,
2023,DEC,2023-12-25 00:00:00,Mon,Sea Cruises, Star dust, Elm Port,Australia,o/n,03:00:00,,,x,,,,,,,,,,
2023,DEC,2023-12-25 00:00:00,Mon,Sea Cruises, Star dust, Acacia Port,Australia,07:00:00,17:00:00,,,x,,,,,,,,,,
2023,DEC,2023-12-25 00:00:00,Mon,River Cruises, Lonely Comet, Beech Port,Australia,08:00:00,o/n,,,x,,,,,,,,,,
2023,DEC,2023-12-26 00:00:00,Tue,Yellow Cruises, Celestial Voyager, Beech Port,Australia,08:15:00,16:30:00,,,x,,,,,,,,,,
2023,DEC,2023-12-26 00:00:00,Tue,Sea Cruises, Castor & Pollux, Sycamore Port,Australia,09:00:00,18:00:00,,,x,,,,,,,,,,
2024,FEB,2024-02-12 00:00:00,Mon,Sea Cruises, Castor & Pollux, Alder Port,Australia,08:00:00,17:00:00,,,x,,,,,,,,,,
2023,DEC,2023-12-26 00:00:00,Tue,Sea Cruises, Star dust, Elm Port,Australia,07:00:00,17:00:00,,,x,,,,,,,,,,
2023,DEC,2023-12-26 00:00:00,Tue,River Cruises, Lonely Comet, Beech Port,Australia,o/n,14:00:00,,,x,,,,,,,,,,
2023,DEC,2023-12-27 00:00:00,Wed,Sea Cruises, Castor & Pollux, Poplar Port,Australia,08:00:00,19:00:00,,,x,,,,,,,,,,
2023,DEC,2023-12-27 00:00:00,Wed,Yellow Cruises, Interstellar Iris, Cypress Port,Australia,08:00:00,22:00:00,,,x,,,,,,,,,,
2024,MAR,2024-03-08 00:00:00,Fri,Sea Cruises, Castor & Pollux, Alder Port,Australia,09:00:00,19:00:00,,,x,,,,,,,,,,
2023,DEC,2023-12-28 00:00:00,Thu,Yellow Cruises, Interstellar Iris, Fir Port,Australia,07:00:00,14:00:00,,,x,,,,,,,,,,
2023,DEC,2023-12-28 00:00:00,Tue,Yellow Cruises, Celestial Voyager, Oak Port,Australia,08:00:00,16:45:00,,x,,,,,,,,,,,
2023,DEC,2023-12-28 00:00:00,Thu,Domingo Cruises, Nebula Storm, Beech Port,Australia,11:00:00,18:00:00,,,x,,,,,,,,,,
2023,DEC,2023-12-29 00:00:00,Fri,Sea Cruises, Castor & Pollux, Walnut Port,Australia,07:00:00,15:00:00,,,x,,,,,,,,,,
2023,DEC,2023-12-29 00:00:00,Fri,Yellow Cruises, Astral Phoenix, Maple Port,Australia,06:30:00,16:30:00,,x,,,,,,,,,,,
2023,DEC,2023-12-29 00:00:00,Fri,River Cruises, Lonely Comet, Elm Port,Australia,06:30:00,18:00:00,,x,,,,,,,,,,,
2023,DEC,2023-12-30 00:00:00,Sat,Yellow Cruises, Interstellar Iris, Willow Port,Australia,10:00:00,16:00:00,,,x,,,,,,,,,,
2023,DEC,2023-12-30 00:00:00,Sat,Yellow Cruises, Andromeda Star, Oak Port,Australia,06:30:00,18:45:00,,x,,,,,,,,,,,
2023,DEC,2023-12-30 00:00:00,Sat,Domingo Cruises, Nebula Storm, Elm Port,Australia,08:00:00,23:00:00,,,x,,,,,,,,,,
2024,MAR,2024-03-19 00:00:00,Tue,Sea Cruises, Andromeda, Alder Port,Australia,09:00:00,17:00:00,,,x,,,,,,,,,,
2023,DEC,2023-12-31 00:00:00,Sun,Yellow Cruises, Interstellar Iris, Oak Port,Australia,08:00:00,o/n,,,x,,,,,,,,,,
2023,DEC,2023-12-31 00:00:00,Sun,Sea Cruises, Castor & Pollux, Redwood Port,Australia,09:00:00,18:00:00,,,x,,,,,,,,,,
2023,DEC,2023-12-31 00:00:00,Sun,Sea Cruises, Cosmic Labyrinth , Redwood Port,Australia,09:00:00,17:00:00,,,x,,,,,,,,,,
2024,JAN,2024-01-01 00:00:00,Mon,Yellow Cruises, Interstellar Iris, Oak Port,Australia,o/n,TBA,,,x,,,,,,,,,,
2024,JAN,2024-01-01 00:00:00,Mon,Domingo Cruises, Nebula Storm, Oak Port,Australia,13:00:00,o/n,,,x,,,,,,,,,,
2024,JAN,2024-01-01 00:00:00,Mon,River Cruises, Lonely Comet, Beech Port,Australia,10:00:00,o/n,,,x,,,,,,,,,,
2024,JAN,2024-01-02 00:00:00,Tue,Yellow Cruises, Interstellar Iris, Oak Port,Australia,TBA,16:00:00,,,x,,,,,,,,,,
2024,JAN,2024-01-02 00:00:00,Tue,Yellow Cruises, Astral Odyssey, Oak Port,Australia,06:30:00,18:45:00,,x,,,,,,,,,,,
2024,JAN,2024-01-02 00:00:00,Tue,Domingo Cruises, Nebula Storm, Oak Port,Australia,o/n,o/n,,x,,,,,,,,,,,
2024,JAN,2024-01-02 00:00:00,Tue,River Cruises, Lonely Comet, Beech Port,Australia,o/n,17:00:00,,,x,,,,,,,,,,
2024,JAN,2024-01-03 00:00:00,Wed,Yellow Cruises, Meteoric Storm, Oak Port,Australia,06:30:00,18:45:00,,x,,,,,,,,,,,
2024,JAN,2024-01-03 00:00:00,Wed,Yellow Cruises, Celestial Voyager, Oak Port,Australia,06:30:00,17:45:00,,x,,,,,,,,,,,
2024,JAN,2024-01-03 00:00:00,Wed,Sea Cruises, Cosmic Labyrinth , Yew Port,Australia,11:00:00,20:00:00,,,x,,,,,,,,,,
2024,JAN,2024-01-03 00:00:00,Wed,Domingo Cruises, Nebula Storm, Oak Port,Australia,o/n,18:00:00,,,x,,,,,,,,,,
2024,JAN,2024-01-04 00:00:00,Thu,Yellow Cruises, Interstellar Iris, Elm Port,Australia,07:00:00,17:00:00,,x,,,,,,x,,,,,
2024,JAN,2024-01-04 00:00:00,Thu,Sea Cruises, Andromeda, Redwood Port,Australia,08:00:00,16:00:00,,,x,,,,,,,,,,
2024,JAN,2024-01-04 00:00:00,Thu,River Cruises, Lonely Comet, Oak Port,Australia,09:30:00,o/n,,,x,,,,,,,,,,
2024,JAN,2024-01-04 00:00:00,Thu,Sea Cruises, Cosmic Labyrinth , Poplar Port,Australia,07:00:00,18:00:00,,,x,,,,,,,,,,
2024,JAN,2024-01-05 00:00:00,Fri,Yellow Cruises, Celestial Voyager, Oak Port,Australia,06:30:00,17:45:00,,x,,,,,,,,,,,
2024,JAN,2024-01-05 00:00:00,Fri,Sea Cruises, Cosmic Labyrinth , Sycamore Port,Australia,07:00:00,19:00:00,,,x,,,,,,,,,,
2024,JAN,2024-01-05 00:00:00,Fri,Yellow Cruises, Astral Phoenix, Maple Port,Australia,06:30:00,16:30:00,,x,,,,,,,,,,,
2024,JAN,2024-01-05 00:00:00,Fri,Domingo Cruises, Nebula Storm, Acacia Port,Australia,08:00:00,23:00:00,,,x,,,,,,,,,,
2024,JAN,2024-01-05 00:00:00,Fri,River Cruises, Lonely Comet, Oak Port,Australia,o/n,14:00:00,,,x,,,,,,,,,,
2024,JAN,2024-01-06 00:00:00,Sat,Yellow Cruises, Interstellar Iris, Oak Port,Australia,08:00:00,o/n,,,x,,,,,,,,,,
2024,JAN,2024-01-06 00:00:00,Sat,Sea Cruises, Andromeda, Walnut Port,Australia,12:00:00,20:00:00,,,x,,,,,,,,,,
2024,JAN,2024-01-06 00:00:00,Sat,Sea Cruises, Castor & Pollux, Apple Port,Australia,08:00:00,18:00:00,,,x,,,,,,,,,,
2024,JAN,2024-01-06 00:00:00,Sat,Sea Cruises, Cosmic Labyrinth , Birch Port,Australia,07:00:00,18:00:00,,,x,,,,,,,,,,
2024,JAN,2024-01-07 00:00:00,Sun,Sea Cruises, Andromeda, Yew Port,Australia,11:00:00,20:00:00,,,x,,,,,,,,,,
2024,JAN,2024-01-07 00:00:00,Sun,Yellow Cruises, Interstellar Iris, Oak Port,Australia,o/n,18:00:00,,,x,,,,,,,,,,
2024,JAN,2024-01-07 00:00:00,Sun,Yellow Cruises, Celestial Voyager, Willow Port,Australia,08:00:00,12:15:00,,,x,,,,,,,,,,
2024,JAN,2024-01-07 00:00:00,Sun,Domingo Cruises, Nebula Storm, Beech Port,Australia,07:00:00,16:00:00,,,x,,,,,,,,,,
2024,JAN,2024-01-08 00:00:00,Mon,Sea Cruises, Andromeda, Poplar Port,Australia,07:00:00,19:00:00,,,x,,,,,,,,,,
2024,JAN,2024-01-08 00:00:00,Mon,Yellow Cruises, Interstellar Iris, Willow Port,Australia,11:00:00,18:00:00,,,x,,,,,,,,,,
2024,JAN,2024-01-08 00:00:00,Mon,Yellow Cruises, Celestial Voyager, Oak Port,Australia,06:30:00,18:45:00,,x,,,,,,,,,,,
2024,JAN,2024-01-08 00:00:00,Mon,Sea Cruises, Cosmic Labyrinth , Maple Port,Australia,08:00:00,18:00:00,,,x,,,,,,,,,,
2024,JAN,2024-01-09 00:00:00,Tue,Sea Cruises, Castor & Pollux, Pear Port,Australia,08:00:00,17:00:00,,,x,,,,,,,,,,
2024,JAN,2024-01-09 00:00:00,Tue,Yellow Cruises, Andromeda Star, Oak Port,Australia,06:30:00,18:45:00,,x,,,,,,,,,,,
2024,JAN,2024-01-10 00:00:00,Wed,Yellow Cruises, Celestial Voyager, Beech Port,Australia,08:00:00,17:00:00,,,x,,,,,,,,,,
2024,JAN,2024-01-10 00:00:00,Wed,Sea Cruises, Castor & Pollux, Magnolia Port,Australia,08:00:00,o/n,,,x,,,,,,,,,,
2024,JAN,2024-01-10 00:00:00,Wed,Sea Cruises, Cosmic Labyrinth , Oak Port,Australia,07:00:00,18:00:00,,x,,,,,,,,,,,
2024,JAN,2024-01-11 00:00:00,Thu,Sea Cruises, Castor & Pollux, Magnolia Port,Australia,o/n,20:00:00,,,x,,,,,,,,,,
2024,JAN,2024-01-12 00:00:00,Fri,Yellow Cruises, Celestial Voyager, Oak Port,Australia,06:30:00,17:45:00,,x,,,,,,,,,,,
2024,JAN,2024-01-12 00:00:00,Fri,Sea Cruises, Castor & Pollux, Palm Port,Australia,07:00:00,16:00:00,,,x,,,,,,,,,,
2024,JAN,2024-01-12 00:00:00,Fri,Yellow Cruises, Astral Phoenix, Maple Port,Australia,06:30:00,16:30:00,,x,,,,,,,,,,,
2024,JAN,2024-01-12 00:00:00,Fri,Yellow Cruises, Astral Odyssey, Oak Port,Australia,06:30:00,18:45:00,,x,,,,,,,,,,,
2024,JAN,2024-01-13 00:00:00,Sat,Yellow Cruises, Meteoric Storm, Oak Port,Australia,06:30:00,17:00:00,,x,,,,,,,,,,,
2024,JAN,2024-01-13 00:00:00,Sat,Sea Cruises, Castor & Pollux, Spruce Port,Australia,09:00:00,18:00:00,,,x,,,,,,,,,,
2024,JAN,2024-01-13 00:00:00,Sat,Thursday Cruises, Celestial Serpent, Beech Port,Australia,13:00:00,o/n,,,x,,,,,,,,,,
2024,JAN,2024-01-14 00:00:00,Sun,Yellow Cruises, Celestial Voyager, Oak Port,Australia,06:30:00,17:45:00,,x,,,,,,,,,,,
2024,JAN,2024-01-14 00:00:00,Sun,Yellow Cruises, Astral Phoenix, Birch Port,Australia,07:00:00,17:00:00,,,x,,,,,,,,,,
2024,JAN,2024-01-14 00:00:00,Sun,Thursday Cruises, Celestial Serpent, Beech Port,Australia,o/n,23:00:00,,,x,,,,,,,,,,
2023,DEC,2023-12-26 00:00:00,Tue,Sea Cruises, Star dust, Alder Port,Australia,08:00:00,17:00:00,,,x,,,,,,,,,,
2024,JAN,2024-01-15 00:00:00,Mon,Yellow Cruises, Astral Odyssey, Birch Port,Australia,08:00:00,17:00:00,,,x,,,,,,,,,,
2024,JAN,2024-01-15 00:00:00,Mon,Thursday Cruises, Celestial Serpent, Olive Port,Australia,08:00:00,14:00:00,,,x,,,,,,,,,,
2024,JAN,2024-01-15 00:00:00,Mon,Yellow Cruises, Astral Phoenix, Poplar Port,Australia,09:00:00,17:00:00,,,x,,,,,,,,,,
2024,JAN,2024-01-16 00:00:00,Tue,Thursday Cruises, Solar Flare, Oak Port,Australia,06:00:00,17:00:00,,x,,,,,,,,,,,
2024,JAN,2024-01-16 00:00:00,Tue,Sea Cruises, Castor & Pollux, Cypress Port,Australia,09:00:00,23:00:00,,,x,,,,,,,,,,
2024,JAN,2024-01-16 00:00:00,Tue,Sea Cruises, Star dust, Acacia Port,Australia,08:00:00,17:00:00,,,x,,,,,,,,,,
2024,JAN,2024-01-16 00:00:00,Tue,Sea Cruises, Star dust, Elm Port,Australia,20:00:00,o/n,,,x,,,,,,,,,,
2024,JAN,2024-01-15 00:00:00,Mon,Sea Cruises, Star dust, Alder Port,Australia,08:00:00,17:00:00,,,x,,,,,,,,,,
2024,JAN,2024-01-16 00:00:00,Tue,Yellow Cruises, Astral Odyssey, Poplar Port,Australia,09:00:00,o/n,,,x,,,,,,,,,,
2024,JAN,2024-01-17 00:00:00,Wed,Sea Cruises, Castor & Pollux, Fir Port,Australia,07:00:00,16:00:00,,,x,,,,,,,,,,
2024,JAN,2024-01-17 00:00:00,Wed,Sea Cruises, Star dust, Elm Port,Australia,o/n,18:00:00,,,x,,,,,,,,,,
2024,JAN,2024-01-17 00:00:00,Mon,Yellow Cruises, Astral Odyssey, Poplar Port,Australia,o/n,17:00:00,,,x,,,,,,,,,,
2024,JAN,2024-01-18 00:00:00,Thu,Sea Cruises, Castor & Pollux, Ginkgo Port,Australia,10:00:00,19:00:00,,,x,,,,,,,,,,
2024,JAN,2024-01-18 00:00:00,Thu,Thursday Cruises, Celestial Serpent, Oak Port,Australia,07:00:00,23:00:00,,x,,,,,,,,,,,
2024,JAN,2024-01-18 00:00:00,Thu,Yellow Cruises, Orion's Fury, Redwood Port,Australia,07:00:00,17:00:00,,,x,,,,,,,,,,
2024,JAN,2024-01-19 00:00:00,Fri,Sea Cruises, Castor & Pollux, Dogwood Port,Australia,09:00:00,23:59:00,,,x,,,,,,,,,,
2024,JAN,2024-01-19 00:00:00,Fri,Sea Cruises, Star dust, Oak Port,Australia,06:00:00,18:00:00,,x,,,,,,,,,,,
2024,JAN,2024-01-19 00:00:00,Fri,Yellow Cruises, Andromeda Star, Oak Port,Australia,06:30:00,18:45:00,,x,,,,,,,,,,,
2024,JAN,2024-01-19 00:00:00,Fri,Yellow Cruises, Astral Phoenix, Maple Port,Australia,06:30:00,16:30:00,,x,,,,,,,,,,,
2024,JAN,2024-01-20 00:00:00,Fri,Yellow Cruises, Celestial Voyager, Oak Port,Australia,06:30:00,17:45:00,,x,,,,,,,,,,,
2024,JAN,2024-01-20 00:00:00,Sat,Sea Cruises, Castor & Pollux, Elm Port,Australia,08:00:00,17:00:00,,,x,,,,,,,,,,
2024,JAN,2024-01-20 00:00:00,Sat,Sea Cruises, Star dust, Ash Port,Australia,08:00:00,18:00:00,,,x,,,,,,,,,,
2024,JAN,2024-01-16 00:00:00,Tue,Thursday Cruises, Celestial Serpent, Alder Port,Australia,08:00:00,18:00:00,,,x,,,,,,,,,,
2024,JAN,2024-01-20 00:00:00,Sat,River Cruises, Lonely Comet, Oak Port,Australia,14:00:00,o/n,,,x,,,,,,,,,,
2024,JAN,2024-01-21 00:00:00,Sun,Yellow Cruises, Orion's Fury, Yew Port,Australia,15:00:00,23:59:00,,,x,,,,,,,,,,
2024,JAN,2024-01-20 00:00:00,Sat,Thursday Cruises, Celestial Serpent, Alder Port,Australia,08:00:00,18:00:00,,,x,,,,,,,,,,
2024,JAN,2024-01-21 00:00:00,Sun,Yellow Cruises, Astral Odyssey, Oak Port,Australia,06:30:00,17:00:00,,x,,,,,,,,,,,
2024,JAN,2024-01-21 00:00:00,Sun,Thursday Cruises, Celestial Serpent, Olive Port,Australia,13:00:00,19:00:00,,,x,,,,,,,,,,
2024,JAN,2024-01-21 00:00:00,Sun,River Cruises, Lonely Comet, Oak Port,Australia,o/n,19:00:00,,,x,,,,,,,,,,
2024,JAN,2024-01-22 00:00:00,Mon,Yellow Cruises, Orion's Fury, Poplar Port,Australia,08:30:00,O/N,,,x,,,,,,,,,,
2024,JAN,2024-01-22 00:00:00,Mon,Yellow Cruises, Celestial Voyager, Willow Port,Australia,08:00:00,12:15:00,,,x,,,,,,,,,,
2024,JAN,2024-01-22 00:00:00,Mon,Sea Cruises, Castor & Pollux, Beech Port,Australia,12:00:00,23:59:00,,,x,,,,,,,,,,
2024,JAN,2024-01-22 00:00:00,Mon,Yellow Cruises, Astral Phoenix, Maple Port,Australia,06:30:00,16:30:00,,x,,,,,,,,,,,
2024,JAN,2024-01-22 00:00:00,Mon,Thursday Cruises, Celestial Serpent, Beech Port,Australia,08:00:00,o/n,,,x,,,,,,,,,,
2024,JAN,2024-01-23 00:00:00,Tue,Yellow Cruises, Orion's Fury, Poplar Port,Australia,O/N,18:00:00,,,x,,,,,,,,,,
2024,JAN,2024-01-23 00:00:00,Tue,Yellow Cruises, Celestial Voyager, Oak Port,Australia,06:30:00,17:45:00,,x,,,,,,,,,,,
2024,JAN,2024-01-23 00:00:00,Tue,Sea Cruises, Castor & Pollux, Olive Port,Australia,07:00:00,16:00:00,,,x,,,,,,,,,,
2024,JAN,2024-01-23 00:00:00,Tue,Sea Cruises, Star dust, Sycamore Port,Australia,11:00:00,20:00:00,,,x,,,,,,,,,,
2024,JAN,2024-01-23 00:00:00,Tue,Yellow Cruises, Astral Odyssey, Beech Port,Australia,08:00:00,o/n,,,x,,,,,,,,,,
2024,JAN,2024-01-23 00:00:00,Tue,Thursday Cruises, Celestial Serpent, Beech Port,Australia,o/n,17:00:00,,,x,,,,,,,,,,
2024,JAN,2024-01-23 00:00:00,Tue,River Cruises, Lonely Comet, Elm Port,Australia,06:30:00,18:00:00,,x,,,,,,,,,,,
2024,JAN,2024-01-24 00:00:00,Wed,Sea Cruises, Star dust, Poplar Port,Australia,08:00:00,19:00:00,,,x,,,,,,,,,,
2024,JAN,2024-01-24 00:00:00,Wed,Yellow Cruises, Astral Odyssey, Beech Port,Australia,o/n,15:00:00,,,x,,,,,,,,,,
2023,DEC,2023-12-15 00:00:00,Fri,River Cruises, Lonely Comet, Alder Port,Australia,09:00:00,17:00:00,,,x,,,,,,,,,,
2023,DEC,2023-12-22 00:00:00,Fri,River Cruises, Lonely Comet, Alder Port,Australia,09:00:00,17:00:00,,,x,,,,,,,,,,
2024,JAN,2024-01-25 00:00:00,Thu,Yellow Cruises, Meteoric Storm, Oak Port,Australia,06:30:00,18:45:00,,x,,,,,,,,,,,
2024,JAN,2024-01-25 00:00:00,Thu,Sea Cruises, Castor & Pollux, Oak Port,Australia,07:00:00,17:00:00,,x,,,,,,,,,,,
2024,JAN,2024-01-25 00:00:00,Thu,Domingo Cruises, Nebula Storm, Beech Port,Australia,11:00:00,18:00:00,,,x,,,,,,,,,,
2024,JAN,2024-01-25 00:00:00,Thu,River Cruises, Lonely Comet, Beech Port,Australia,12:00:00,22:00:00,,,x,,,,,,,,,,
2024,JAN,2024-01-26 00:00:00,Fri,Yellow Cruises, Celestial Voyager, Elm Port,Australia,07:45:00,16:00:00,,x,,,,,,,,,,,
2024,JAN,2024-01-26 00:00:00,Fri,Yellow Cruises, Orion's Fury, Maple Port,Australia,11:00:00,20:00:00,,,x,,,,,,,,,,
2024,JAN,2024-01-26 00:00:00,Fri,Yellow Cruises, Astral Odyssey, Cypress Port,Australia,10:00:00,20:00:00,,,x,,,,,,,,,,
2024,JAN,2023-01-27 00:00:00,Sat,River Cruises, Lonely Comet, Elm Port,Australia,06:30:00,18:00:00,,x,,,,,,,,,,,
2024,JAN,2024-01-27 00:00:00,Sat,Yellow Cruises, Andromeda Star, Oak Port,Australia,06:30:00,18:45:00,,x,,,,,,,,,,,
2024,JAN,2024-01-27 00:00:00,Sat,Domingo Cruises, Nebula Storm, Elm Port,Australia,08:00:00,23:00:00,,,x,,,,,,,,,,
2024,JAN,2024-01-28 00:00:00,Sun,Yellow Cruises, Orion's Fury, Oak Port,Australia,08:00:00,20:00:00,,x,,,,,,,,,,,
2024,JAN,2024-01-28 00:00:00,Sun,Yellow Cruises, Meteoric Storm, Birch Port,Australia,07:00:00,17:00:00,,,x,,,,,,,,,,
2024,JAN,2024-01-28 00:00:00,Sun,Yellow Cruises, Celestial Voyager, Beech Port,Australia,08:00:00,16:45:00,,,x,,,,,,,,,,
2024,JAN,2024-01-29 00:00:00,Mon,River Cruises, Lonely Comet, Beech Port,Australia,08:00:00,o/n,,,x,,,,,,,,,,
2024,JAN,2024-01-29 00:00:00,Mon,Yellow Cruises, Orion's Fury, Willow Port,Australia,12:30:00,23:59:00,,,x,,x,,,,,,,,
2024,JAN,2024-01-29 00:00:00,Mon,Yellow Cruises, Meteoric Storm, Cedar Port,Australia,09:00:00,22:00:00,,,x,,,,,,,,,,
2024,JAN,2024-01-29 00:00:00,Mon,Yellow Cruises, Andromeda Star, Elm Port,Australia,06:30:00,18:45:00,,,x,,,,,,,,,,
2024,JAN,2024-01-29 00:00:00,Mon,Yellow Cruises, Astral Phoenix, Maple Port,Australia,06:30:00,16:30:00,,x,,,,,,,,,,,
2024,JAN,2024-01-29 00:00:00,Mon,Yellow Cruises, Astral Odyssey, Oak Port,Australia,06:30:00,18:45:00,,x,,,,,,,,,,,
2024,JAN,2024-01-29 00:00:00,Mon,Domingo Cruises, Nebula Storm, Oak Port,Australia,13:00:00,o/n,,,x,,,,,,,,,,
2024,JAN,2024-01-30 00:00:00,Tue,River Cruises, Lonely Comet, Beech Port,Australia,o/n,17:00:00,,,x,,,,,,,,,,
2024,JAN,2024-01-30 00:00:00,Tue,Yellow Cruises, Celestial Voyager, Elm Port,Australia,07:45:00,15:30:00,,x,,,,,,,,,,,
2024,JAN,2024-01-30 00:00:00,Tue,Yellow Cruises, Meteoric Storm, Hemlock Port,Australia,07:00:00,18:00:00,,,x,,,,,,,,,,
2024,JAN,2024-01-30 00:00:00,Tue,Sea Cruises, Star dust, Redwood Port,Australia,09:00:00,18:00:00,,,x,,,,,,,,,,
2024,JAN,2024-01-30 00:00:00,Tue,Domingo Cruises, Nebula Storm, Oak Port,Australia,o/n,o/n,,x,,,,,,,,,,,
2024,JAN,2024-01-31 00:00:00,Wed,Domingo Cruises, Nebula Storm, Oak Port,Australia,o/n,18:00:00,,,x,,,,,,,,,,
2024,JAN,2024-01-31 00:00:00,Wed,Yellow Cruises, Orion's Fury, Elm Port,Australia,07:00:00,18:00:00,,,x,,,,,,,,,,
2024,Feb,2024-02-01 00:00:00,Thu,River Cruises, Lonely Comet, Elm Port,Australia,06:30:00,18:00:00,,x,,,,,,,,,,,
2023,DEC,2023-12-27 00:00:00,Wed,River Cruises, Lonely Comet, Alder Port,Australia,09:00:00,17:00:00,,,x,,,,,,,,,,
2024,FEB,2024-02-02 00:00:00,Fri,Yellow Cruises, Celestial Voyager, Elm Port,Australia,07:45:00,15:30:00,,x,,,,,,,,,,,
2024,FEB,2024-02-02 00:00:00,Fri,Yellow Cruises, Interstellar Iris, Beech Port,Australia,07:30:00,o/n,,,x,,,,,,,,,,
2024,FEB,2024-02-02 00:00:00,Fri,Yellow Cruises, Meteoric Storm, Maple Port,Australia,08:00:00,18:00:00,,,x,,,,,,,,,,
2024,FEB,2024-02-02 00:00:00,Fri,Yellow Cruises, Andromeda Star, Oak Port,Australia,06:30:00,18:45:00,,x,,,,,,,,,,,
2024,FEB,2024-02-02 00:00:00,Fri,Domingo Cruises, Nebula Storm, Elm Port,Australia,08:00:00,23:00:00,,,x,,,,,,,,,,
2024,FEB,2024-02-02 00:00:00,Fri,Yellow Cruises, Orion's Fury, Olive Port,Australia,14:00:00,19:00:00,,,x,,,,,,,,,,
2024,FEB,2024-02-02 00:00:00,Fri,Yellow Cruises, Orion's Fury, Beech Port,Australia,22:30:00,O/N,,,x,,,,,,,,,,
2024,FEB,2024-02-03 00:00:00,Sat,Yellow Cruises, Orion's Fury, Beech Port,Australia,o/n,17:00:00,,,x,,,,,,,,,,
2024,Feb,2024-02-03 00:00:00,Sat,River Cruises, Lonely Comet, Oak Port,Australia,08:00:00,22:00:00,,,x,,,,,,,,,,
2024,FEB,2024-02-03 00:00:00,Sat,Yellow Cruises, Interstellar Iris, Beech Port,Australia,o/n,20:00:00,,,x,,,,,,,,,,
2024,FEB,2024-02-03 00:00:00,Sat,Yellow Cruises, Celestial Voyager, Willow Port,Australia,14:15:00,19:00:00,,,x,,,,,,,,,,
2024,FEB,2024-02-04 00:00:00,Sun,Yellow Cruises, Meteoric Storm, Oak Port,Australia,06:30:00,17:00:00,,x,,,,,,,,,,,
2024,FEB,2024-02-04 00:00:00,Sun,Domingo Cruises, Nebula Storm, Beech Port,Australia,07:00:00,16:00:00,,,x,,,,,,,,,,
2024,FEB,2024-02-05 00:00:00,Mon,River Cruises, Lonely Comet, Beech Port,Australia,08:00:00,19:00:00,,,x,,,,,,,,,,
2024,FEB,2024-02-05 00:00:00,Mon,Yellow Cruises, Celestial Voyager, Elm Port,Australia,07:45:00,16:00:00,,x,,,,,,,,,,,
2024,FEB,2024-02-05 00:00:00,Mon,Yellow Cruises, Interstellar Iris, Willow Port,Australia,07:30:00,14:00:00,,,x,,,,,,,,,,
2024,FEB,2024-02-06 00:00:00,Tue,Yellow Cruises, Interstellar Iris, Oak Port,Australia,07:00:00,17:00:00,,x,,,,,,x,,,,,
2024,FEB,2023-02-07 00:00:00,Wed,River Cruises, Lonely Comet, Elm Port,Australia,06:30:00,18:00:00,,x,,,,,,,,,,,
2024,FEB,2024-02-07 00:00:00,Wed,Yellow Cruises, Celestial Voyager, Beech Port,Australia,08:00:00,16:45:00,,,x,,,,,,,,,,
2024,FEB,2024-02-07 00:00:00,Wed,Yellow Cruises, Astral Phoenix, Maple Port,Australia,06:30:00,16:30:00,,x,,,,,,,,,,,
2024,FEB,2024-02-08 00:00:00,Thu,Yellow Cruises, Interstellar Iris, Elm Port,Australia,08:00:00,20:00:00,,,x,,,,,,,,,,
2024,FEB,2024-02-08 00:00:00,Thu,Sea Cruises, Castor & Pollux, Oak Port,Australia,07:00:00,17:00:00,,x,,,,,,,,,,,
2024,FEB,2024-02-09 00:00:00,Fri,Yellow Cruises, Celestial Voyager, Elm Port,Australia,07:45:00,16:00:00,,x,,,,,,,,,,,
2023,DEC,2023-12-30 00:00:00,Sat,River Cruises, Lonely Comet, Alder Port,Australia,09:00:00,17:00:00,,,x,,,,,,,,,,
2024,FEB,2024-02-09 00:00:00,Fri,Yellow Cruises, Interstellar Iris, Ginkgo Port,Australia,13:00:00,20:00:00,,,x,,,,,,,,,,
2024,FEB,2024-02-09 00:00:00,Fri,Thursday Cruises, Solar Flare, Oak Port,Australia,06:00:00,17:00:00,,x,,,,,,,,,,,
2024,FEB,2024-02-09 00:00:00,Fri,Yellow Cruises, Astral Odyssey, Oak Port,Australia,06:30:00,18:45:00,,x,,,,,,,,,,,
2024,FEB,2024-02-09 00:00:00,Wed,Domingo Cruises, Dark Nebula , Beech Port,Australia,08:00:00,18:00:00,,,x,,,,,,,,,,
2024,FEB,2024-02-10 00:00:00,Sat,Sea Cruises, Castor & Pollux, Elm Port,Australia,08:00:00,o/n,,,x,,,,,,,,,,
2024,FEB,2024-02-10 00:00:00,Sat,Domingo Cruises, Dark Nebula , Beech Port,Australia,,,,,,,,,,,,,,,
2024,FEB,2024-02-11 00:00:00,Sun,River Cruises, Lonely Comet, Oak Port,Australia,06:30:00,18:00:00,,x,,,,,,,,,,,
2024,FEB,2024-02-11 00:00:00,Sun,Yellow Cruises, Interstellar Iris, Fir Port,Australia,08:00:00,20:00:00,,,x,,,,,,,,,,
2024,FEB,2024-02-11 00:00:00,Sun,Sea Cruises, Castor & Pollux, Elm Port,Australia,o/n,17:00:00,,,x,,,,,,,,,,
2024,FEB,2024-02-11 00:00:00,Fri,Domingo Cruises, Dark Nebula , Oak Port,Australia,08:00:00,o/n,, ,x,,,,,,,,,,
2024,FEB,2024-02-11 00:00:00,Sun,River Cruises, Lonely Comet, Beech Port,Australia,08:00:00,o/n,,,x,,,,,,,,,,
2024,Feb,2024-02-12 00:00:00,Mon,Yellow Cruises, Celestial Voyager, Oak Port,Australia,06:30:00,18:45:00,,x,,,,,,,,,,,
2024,FEB,2024-02-12 00:00:00,Sat,Domingo Cruises, Dark Nebula , Oak Port,Australia,O/N,O/N,,x, ,,,,,,,,,,
2024,FEB,2024-02-12 00:00:00,Mon,Yellow Cruises, Interstellar Iris, Cypress Port,Australia,08:00:00,o/n,,,x,,,,,,,,,,
2024,JAN,2024-01-24 00:00:00,Wed,River Cruises, Lonely Comet, Alder Port,Australia,09:00:00,17:00:00,,,x,,,,,,,,,,
2024,FEB,2024-02-12 00:00:00,Mon,River Cruises, Lonely Comet, Beech Port,Australia,o/n,19:00:00,,,x,,,,,,,,,,
2024,FEB,2024-02-12 00:00:00,Mon,Domingo Cruises, Nebula Knight, Beech Port,Australia,08:00:00,18:00:00,,,,,,,,,,,,,
2024,FEB,2024-02-13 00:00:00,Sun,Domingo Cruises, Dark Nebula , Oak Port,Australia,O/N,18:00:00,,,x,,,,,,,,,,
2024,FEB,2024-02-13 00:00:00,Sun,River Cruises, Lonely Comet, Beech Port,Australia,09:00:00,17:00:00,,,x,,,,,,,,,,
2024,FEB,2024-02-13 00:00:00,Tue,Yellow Cruises, Interstellar Iris, Cypress Port,Australia,o/n,20:00:00,,,x,,,,,,,,,,
2024,FEB,2024-02-14 00:00:00,Wed,Yellow Cruises, Andromeda Star, Oak Port,Australia,06:30:00,18:45:00,,x,,,,,,,,,,,
2024,FEB,2024-02-14 00:00:00,Wed,Yellow Cruises, Celestial Voyager, Beech Port,Australia,08:00:00,17:00:00,,,x,,,,,,,,,,
2024,FEB,2024-02-14 00:00:00,Wed,River Cruises, Lonely Comet, Elm Port,Australia,06:30:00,19:00:00,,x,,,,,,,,,,,
2024,FEB,2024-02-14 00:00:00,Mon,Domingo Cruises, Dark Nebula , Willow Port,Australia,08:00:00,17:00:00,,,x,,,,,,,,,,
2024,FEB,2024-02-14 00:00:00,Wed,Domingo Cruises, Nebula Knight, Elm Port,Australia,07:00:00,18:00:00,,,,,,,,,,,,,
2024,FEB,2024-02-15 00:00:00,Sun,Domingo Cruises, Dark Nebula , Oak Port,Australia,07:00:00,o/n,,,,,,,,,,,,,
2024,FEB,2024-02-15 00:00:00,Sun,River Cruises, Lonely Comet, Oak Port,Australia,06:30:00,18:45:00,,x,,,,,,,,,,,
2024,FEB,2024-02-15 00:00:00,Thu,Yellow Cruises, Astral Phoenix, Maple Port,Australia,06:30:00,16:30:00,,x,,,,,,,,,,,
2024,FEB,2024-02-16 00:00:00,Fri,Domingo Cruises, Nebula Knight, Willow Port,Australia,08:00:00,18:00:00,,,x,,,,,,,,,,
2024,FEB,2024-02-16 00:00:00,Fri,Yellow Cruises, Interstellar Iris, Eucalyptus Port,Australia,08:00:00,16:00:00,,,x,,,,,,,,,,
2024,FEB,2024-02-16 00:00:00,Mon,Domingo Cruises, Dark Nebula , Oak Port,Australia,o/n,18:00:00,,,,,,,,,,,,,
2024,FEB,2024-02-16 00:00:00,Fri,Yellow Cruises, Andromeda Star, Maple Port,Australia,07:00:00,16:30:00,,,x,,,,,,,,,,
2024,FEB,2024-02-16 00:00:00,Fri,Yellow Cruises, Celestial Voyager, Oak Port,Australia,06:30:00,17:45:00,,x,,,,,,,,,,,
2024,FEB,2024-02-16 00:00:00,Fri,River Cruises, Lonely Comet, Oak Port,Australia,09:30:00,o/n,,,x,,,,,,,,,,
2024,FEB,2024-02-17 00:00:00,Sat,Yellow Cruises, Interstellar Iris, Spruce Port,Australia,07:30:00,14:30:00,,,x,,,,,,,,,,
2024,FEB,2024-02-17 00:00:00,Sat,Domingo Cruises, Nebula Knight, Oak Port,Australia,07:00:00,O/N,,x, ,,,,,,,,,,
2024,JAN,2024-01-25 00:00:00,Wed,River Cruises, Lonely Comet, Alder Port,Australia,09:00:00,18:00:00,,,x,,,,,,,,,,
2024,FEB,2024-02-17 00:00:00,Sat,River Cruises, Lonely Comet, Oak Port,Australia,o/n,14:00:00,,,x,,,,,,,,,,
2024,FEB,2024-02-17 00:00:00,Thu,Domingo Cruises, Dark Nebula , Maple Port,Australia,08:00:00,17:00:00,,,x,,,,,,,,,,
2024,FEB,2024-02-18 00:00:00,Sun,Yellow Cruises, Interstellar Iris, Palm Port,Australia,08:30:00,21:00:00,,,x,,,,,,,,,,
2024,FEB,2024-02-18 00:00:00,Sun,Yellow Cruises, Andromeda Star, Chestnut Port,Australia,08:00:00,17:00:00,,,x,,,,,,,,,,
2024,FEB,2024-02-18 00:00:00,Sun,Domingo Cruises, Nebula Knight, Oak Port,Australia,o/n,18:00:00,,,x,,,,,,,,,,
2024,FEB,2024-02-18 00:00:00,Sun,Domingo Cruises, Dark Nebula , Cherry Port,Australia,08:00:00,18:00:00,,,x,,,,,,,,,,
2024,FEB,2024-02-19 00:00:00,Mon,River Cruises, Lonely Comet, Oak Port,Australia,06:30:00,18:45:00,,x,,,,,,,,,,,
2024,FEB,2024-02-19 00:00:00,Mon,Yellow Cruises, Interstellar Iris, Magnolia Port,Australia,08:00:00,o/n,,,x,,,,,,,,,,
2024,FEB,2024-02-20 00:00:00,Tue,Domingo Cruises, Nebula Knight, Maple Port,Australia,08:00:00,17:00:00,,,x,,,,,,,,,,
2024,FEB,2024-02-20 00:00:00,Tue,Yellow Cruises, Interstellar Iris, Magnolia Port,Australia,o/n,17:00:00,,x,,,,,,x,,,,,
2024,FEB,2024-02-20 00:00:00,Sat,Domingo Cruises, Dark Nebula , Birch Port,Australia,07:30:00,14:00:00,,,x,,,,,,,,,,
2024,FEB,2024-02-20 00:00:00,Tue,Yellow Cruises, Andromeda Star, Poplar Port,Australia,08:00:00,18:00:00,,,x,,,,,,,,,,
2024,FEB,2024-02-09 00:00:00,Fri,River Cruises, Lonely Comet, Alder Port,Australia,08:00:00,19:00:00,,,x,,,,,,,,,,
2024,FEB,2024-02-21 00:00:00,Wed,Yellow Cruises, Interstellar Iris, Pear Port,Australia,09:00:00,17:00:00,,,x,,,,,,,,,,
2024,FEB,2024-02-21 00:00:00,Wed,Yellow Cruises, Astral Odyssey, Oak Port,Australia,06:30:00,18:45:00,,x,,,,,,,,,,,
2024,FEB,2024-02-21 00:00:00,Sun,Domingo Cruises, Dark Nebula , Poplar Port,Australia,08:30:00,23:00:00,,,x,,,,,,,,,,
2024,FEB,2024-02-22 00:00:00,Thu,Domingo Cruises, Nebula Knight, Birch Port,Australia,07:30:00,14:00:00,,,x,,,,,,,,,,
2024,FEB,2024-02-19 00:00:00,Mon,River Cruises, Lonely Comet, Elm Port,Australia,06:30:00,18:00:00,,x,,,,,,,,,,,
2024,FEB,2024-02-22 00:00:00,Thu,Sea Cruises, Ursa Major, Oak Port,Australia,08:00:00,o/n,,,x,,,,,,,,,,
2024,FEB,2024-02-22 00:00:00,Thu,Yellow Cruises, Astral Phoenix, Maple Port,Australia,06:30:00,16:30:00,,x,,,,,,,,,,,
2024,FEB,2024-02-22 00:00:00,Thu,Thursday Cruises, Big Bang, Willow Port,Australia,08:00:00,19:00:00,,,x,,,,,,,,,,
2024,FEB,2024-02-22 00:00:00,Thu,Domingo Cruises, Nebula Storm, Beech Port,Australia,11:00:00,18:00:00,,,x,,,,,,,,,,
2024,FEb,2024-02-23 00:00:00,Fri,Sea Cruises, Ursa Major, Oak Port,Australia,o/n,18:00:00,,x,,,,,,,,,,,
2024,FEB,2024-02-17 00:00:00,Sat,River Cruises, Lonely Comet, Alder Port,Australia,09:00:00,18:00:00,,,x,,,,,,,,,,
2024,FEB,2024-02-23 00:00:00,Fri,Yellow Cruises, Andromeda Star, Redwood Port,Australia,08:00:00,18:00:00,,,x,,,,,,,,,,
2024,FEB,2024-02-23 00:00:00,Fri,Thursday Cruises, Big Bang, Oak Port,Australia,12:00:00,o/n,,,x,,,,,,,,,,
2024,FEB,2024-02-23 00:00:00,Tue,Domingo Cruises, Dark Nebula , Walnut Port,Australia,08:00:00,18:00:00,,,x,,,,,,,,,,
2024,FEB,2024-02-23 00:00:00,Fri,Domingo Cruises, Nebula Knight, Poplar Port,Australia,08:30:00,23:00:00,,,x,,,,,,,,,,
2024,FEB,2024-02-24 00:00:00,Sat,Yellow Cruises, Meteoric Storm, Willow Port,Australia,08:00:00,16:30:00,,,x,,,,,,,,,,
2024,Feb,2024-02-24 00:00:00,Sat,Sea Cruises, Ursa Major, Ash Port,Australia,08:00:00,18:00:00,,,x,,,,,,,,,,
2024,FEB,2024-02-24 00:00:00,Sat,Thursday Cruises, Big Bang, Oak Port,Australia,o/n,19:00:00,,x,,,,,,,,,,,
2024,FEB,2024-02-24 00:00:00,Sat,Domingo Cruises, Nebula Storm, Elm Port,Australia,08:00:00,23:00:00,,,x,,,,,,,,,,
2024,FEB,2024-02-25 00:00:00,Sun,Domingo Cruises, Nebula Knight, Walnut Port,Australia,08:00:00,18:00:00,,,x,,,,,,,,,,
2024,FEB,2024-02-25 00:00:00,Sun,River Cruises, Lonely Comet, Beech Port,Australia,09:00:00,18:00:00,,,x,,,,,,,,,,
2024,FEB,2024-02-25 00:00:00,Sun,Yellow Cruises, Lunar Crest, Beech Port,Australia,07:30:00,o/n,,,x,,,,,,,,,,
2024,FEB,2024-02-25 00:00:00,Sun,Yellow Cruises, Meteoric Storm, Oak Port,Australia,06:30:00,17:00:00,,x,,,,,,,,,,,
2024,FEB,2024-02-25 00:00:00,Sun,Thursday Cruises, Big Bang, Ash Port,Australia,08:00:00,18:00:00,,,x,,,,,,,,,,
2024,FEB,2024-02-26 00:00:00,Mon,Yellow Cruises, Lunar Crest, Beech Port,Australia,o/n,20:00:00,,,x,,,,,,,,,,
2024,FEB,2024-02-26 00:00:00,Mon,Domingo Cruises, Nebula Storm, Oak Port,Australia,13:00:00,o/n,,,x,,,,,,,,,,
2024,FEB,2024-02-27 00:00:00,Tue,River Cruises, Lonely Comet, Elm Port,Australia,06:30:00,18:00:00,,x,,,,,,,,,,,
2024,Feb,2024-02-27 00:00:00,Tue,Sea Cruises, Ursa Major, Birch Port,Australia,08:00:00,17:00:00,,,x,,,,,,,,,,
2024,FEB,2024-02-27 00:00:00,Tue,Thursday Cruises, Big Bang, Cherry Port,Australia,07:00:00,17:00:00,,,x,,,,,,,,,,
2024,FEB,2024-02-27 00:00:00,Tue,Thursday Cruises, Big Bang, Maple Port,Australia,07:00:00,17:00:00,,,x,,,,,,,,,,
2024,FEB,2024-02-27 00:00:00,Tue,Domingo Cruises, Nebula Storm, Oak Port,Australia,o/n,o/n,,x,,,,,,,,,,,
2024,Feb,2024-02-28 00:00:00,Wed,Sea Cruises, Ursa Major, Poplar Port,Australia,10:00:00,21:00:00,,,x,,,,,,,,,,
2024,FEB,2024-02-28 00:00:00,Wed,Yellow Cruises, Lunar Crest, Willow Port,Australia,07:30:00,14:00:00,,,x,,,,,,,,,,
2024,FEB,2024-02-28 00:00:00,Wed,Yellow Cruises, Meteoric Storm, Birch Port,Australia,07:00:00,17:00:00,,,x,,,,,,,,,,
2024,FEB,2024-02-28 00:00:00,Wed,Yellow Cruises, Andromeda Star, Bamboo Port,Australia,11:00:00,17:00:00,,,x,,,,,,,,,,
2024,FEB,2024-02-28 00:00:00,Wed,Thursday Cruises, Big Bang, Sequoia Port,Australia,09:00:00,18:00:00,,,x,,,,,,,,,,
2024,FEB,2024-02-28 00:00:00,Wed,Domingo Cruises, Nebula Storm, Oak Port,Australia,o/n,18:00:00,,,x,,,,,,,,,,
2024,FEB,2024-02-29 00:00:00,Thu,Yellow Cruises, Lunar Crest, Oak Port,Australia,08:00:00,o/n,,,x,,,,,,,,,,
2024,FEB,2024-02-29 00:00:00,Thu,Yellow Cruises, Meteoric Storm, Cedar Port,Australia,09:00:00,o/n,,,x,,,,,,,,,,
2024,FEB,2024-02-29 00:00:00,Thu,River Cruises, Lonely Comet, Beech Port,Australia,09:00:00,19:00:00,,,x,,,,,,,,,,
2024,FEB,2024-02-29 00:00:00,Thu,Sea Cruises, Ursa Major, Yew Port,Australia,07:00:00,17:00:00,,,x,,,,,,,,,,
2024,FEB,2024-02-29 00:00:00,Thu,Sea Cruises, Stellar Honeymoon, Oak Port,Australia,14:00:00,o/n,,,x,,,,,,,,,,
2024,MAR,2024-03-01 00:00:00,Fri,Yellow Cruises, Lunar Crest, Oak Port,Australia,o/n,o/n,,x,,,,,,x,,,,,
2024,MAR,2024-03-01 00:00:00,Fri,Yellow Cruises, Meteoric Storm, Cedar Port,Australia,o/n,20:00:00,,,x,,,,,,,,,,
2024,MAR,2024-03-01 00:00:00,Fri,Sea Cruises, Stellar Honeymoon, Oak Port,Australia,o/n,18:00:00,,x,,,,,,,,,,,
2024,MAR,2024-03-01 00:00:00,Fri,Yellow Cruises, Andromeda Star, Magnolia Port,Australia,06:30:00,17:00:00,,x,,,,,,,,,,,
2024,MAR,2024-03-01 00:00:00,Fri,Yellow Cruises, Astral Phoenix, Maple Port,Australia,06:30:00,16:30:00,,x,,,,,,,,,,,
2024,MAR,2024-03-01 00:00:00,Fri,Thursday Cruises, Big Bang, Birch Port,Australia,08:00:00,17:00:00,,,x,,,,,,,,,,
2024,MAR,2024-03-01 00:00:00,Fri,Domingo Cruises, Nebula Storm, Cherry Port,Australia,08:00:00,18:00:00,,,x,,,,,,,,,,
2024,MAR,2024-03-02 00:00:00,Sat,River Cruises, Lonely Comet, Elm Port,Australia,06:30:00,18:00:00,,x,,,,,,,,,,,
2024,MAR,2024-03-02 00:00:00,Sat,Sea Cruises, Stellar Honeymoon, Ash Port,Australia,08:00:00,18:00:00,,,x,,,,,,,,,,
2024,MAR,2024-03-02 00:00:00,Sat,Yellow Cruises, Lunar Crest, Beech Port,Australia,o/n,18:00:00,,,x,,,,,,,,,,
2024,MAR,2024-03-02 00:00:00,Sat,Yellow Cruises, Meteoric Storm, Hemlock Port,Australia,07:00:00,18:00:00,,,x,,,,,,,,,,
2024,MAR,2024-03-02 00:00:00,Sat,Yellow Cruises, Astral Odyssey, Oak Port,Australia,06:30:00,17:00:00,,x,,,,,,,,,,,
2024,MAR,2024-03-02 00:00:00,Sat,Sea Cruises, Ursa Major, Walnut Port,Australia,07:00:00,17:00:00,,,x,,,,,,,,,,
2024,MAR,2024-03-02 00:00:00,Sat,Thursday Cruises, Big Bang, Poplar Port,Australia,13:30:00,o/n,,,x,,,,,,,,,,
2024,FEB,2024-02-21 00:00:00,Wed,River Cruises, Lonely Comet, Alder Port,Australia,09:00:00,17:00:00,,,x,,,,,,,,,,
2024,MAR,2024-03-03 00:00:00,Sun,Yellow Cruises, Andromeda Star, Eucalyptus Port,Australia,08:00:00,18:00:00,,,x,,,,,,,,,,
2024,MAR,2024-03-03 00:00:00,Sun,Domingo Cruises, Nebula Storm, Birch Port,Australia,08:00:00,18:00:00,,,x,,,,,,,,,,
2024,MAR,2024-03-03 00:00:00,Sun,River Cruises, Lonely Comet, Beech Port,Australia,08:00:00,18:00:00,,,x,,,,,,,,,,
2024,MAR,2024-03-03 00:00:00,Sun,Thursday Cruises, Big Bang, Poplar Port,Australia,o/n,22:00:00,,,x,,,,,,,,,,
2024,MAR,2024-03-04 00:00:00,Mon,Yellow Cruises, Lunar Crest, Cherry Port,Australia,08:00:00,20:00:00,,,x,,,,,,,,,,
2024,MAR,2024-03-04 00:00:00,Mon,Thursday Cruises, Solar Flare, Oak Port,Australia,06:00:00,17:00:00,,x,,,,,,,,,,,
2024,MAR,2024-03-04 00:00:00,Mon,Domingo Cruises, Nebula Storm, Sycamore Port,Australia,08:00:00,18:00:00,,,x,,,,,,,,,,
2024,MAR,2024-03-04 00:00:00,Mon,Sea Cruises, Ursa Major, Redwood Port,Australia,07:00:00,o/n,,,x,,,,,,,,,,
2024,MAR,2024-03-05 00:00:00,Tue,River Cruises, Lonely Comet, Elm Port,Australia,06:30:00,18:00:00,,x,,,,,,,,,,,
2024,MAR,2024-03-05 00:00:00,Tue,Yellow Cruises, Meteoric Storm, Maple Port,Australia,08:00:00,18:00:00,,,x,,,,,,,,,,
2024,MAR,2024-03-05 00:00:00,Tue,Sea Cruises, Stellar Honeymoon, Sycamore Port,Australia,11:00:00,20:00:00,,,x,,,,,,,,,,
2024,MAR,2024-03-05 00:00:00,Tue,Thursday Cruises, Big Bang, Walnut Port,Australia,08:00:00,18:00:00,,,x,,,,,,,,,,
2024,MAR,2024-03-05 00:00:00,Tue,River Cruises, Lonely Comet, Elm Port,Australia,06:30:00,19:00:00,,x,,,,,,,,,,,
2024,MAR,2024-03-05 00:00:00,Tue,Sea Cruises, Ursa Major, Redwood Port,Australia,07:00:00,16:00:00,,,x,,,,,,,,,,
2024,MAR,2024-03-05 00:00:00,Tue,Domingo Cruises, Nebula Storm, Poplar Port,Australia,08:00:00,18:00:00,,,x,,,,,,,,,,
2024,MAR,2024-03-06 00:00:00,Wed,Sea Cruises, Stellar Honeymoon, Poplar Port,Australia,08:00:00,20:00:00,,,x,,,,,,,,,,
2024,MAR,2024-03-06 00:00:00,Wed,Yellow Cruises, Lunar Crest, Birch Port,Australia,08:00:00,18:00:00,,,x,,,,,,,,,,
2024,MAR,2024-03-06 00:00:00,Wed,Sea Cruises, Castor & Pollux, Elm Port,Australia,10:00:00,o/n,,,x,,,,,,,,,,
2024,MAR,2024-03-06 00:00:00,Wed,Yellow Cruises, Andromeda Star, Cypress Port,Australia,08:00:00,18:00:00,,,x,,,,,,,,,,
2024,MAR,2024-03-07 00:00:00,Thu,Yellow Cruises, Lunar Crest, Poplar Port,Australia,13:00:00,o/n,,,x,,,,,,,,,,
2024,MAR,2024-03-07 00:00:00,Thu,Yellow Cruises, Meteoric Storm, Oak Port,Australia,06:30:00,18:45:00,,x,,,,,,,,,,,
2024,MAR,2024-03-07 00:00:00,Thu,Sea Cruises, Castor & Pollux, Elm Port,Australia,o/n,04:00:00,,,x,,,,,,,,,,
2024,MAR,2024-03-07 00:00:00,Thu,Sea Cruises, Castor & Pollux, Acacia Port,Australia,08:00:00,18:00:00,,,x,,,,,,,,,,
2024,MAR,2024-03-07 00:00:00,Thu,Sea Cruises, Stellar Honeymoon, Yew Port,Australia,07:00:00,16:00:00,,,x,,,,,,,,,,
2024,MAR,2024-03-07 00:00:00,Thu,Domingo Cruises, Nebula Storm, Walnut Port,Australia,07:00:00,14:00:00,,,x,,,,,,,,,,
2024,MAR,2024-03-07 00:00:00,Thu,River Cruises, Lonely Comet, Oak Port,Australia,09:30:00,o/n,,,x,,,,,,,,,,
2024,MAR,2024-03-07 00:00:00,Thu,River Cruises, Lonely Comet, Oak Port,Australia,09:30:00,o/n,,,x,,,,,,,,,,
2024,MAR,2024-03-08 00:00:00,Fri,River Cruises, Lonely Comet, Oak Port,Australia,o/n,14:00:00,,,x,,,,,,,,,,
2024,MAR,2024-03-08 00:00:00,Fri,Yellow Cruises, Lunar Crest, Poplar Port,Australia,o/n,18:00:00,,,x,,,,,,,,,,
2024,MAR,2024-03-08 00:00:00,Fri,Yellow Cruises, Meteoric Storm, Willow Port,Australia,09:00:00,19:00:00,,,x,,,,,,,,,,
2024,FEB,2024-02-23 00:00:00,Fri,River Cruises, Lonely Comet, Alder Port,Australia,09:00:00,18:00:00,,,x,,,,,,,,,,
2024,MAR,2024-03-08 00:00:00,Fri,Yellow Cruises, Andromeda Star, Elm Port,Australia,08:00:00,20:00:00,,,x,,,,,,,,,,
2024,MAR,2024-03-08 00:00:00,Fri,Yellow Cruises, Astral Phoenix, Maple Port,Australia,06:30:00,16:30:00,,x,,,,,,,,,,,
2024,MAR,2024-03-08 00:00:00,Fri,Yellow Cruises, Aurora Borealis, Oak Port,Australia,07:00:00,14:00:00,,,x,,,,,,,,,,
2024,MAR,2024-03-08 00:00:00,Fri,Yellow Cruises, Aurora Borealis, Oak Port,Australia,15:00:00,23:59:00,,x,,,,,,,,,,,
2024,MAR,2024-03-08 00:00:00,Fri,Thursday Cruises, Big Bang, Redwood Port,Australia,08:00:00,o/n,,,x,,,,,,,,,,
2024,MAR,2024-03-08 00:00:00,Fri,River Cruises, Lonely Comet, Oak Port,Australia,o/n,14:00:00,,,x,,,,,,,,,,
2024,MAR,2024-03-09 00:00:00,Sat,Yellow Cruises, Aurora Borealis, Ash Port,Australia,08:00:00,18:00:00,,,x,,,,,,,,,,
2024,MAR,2024-03-09 00:00:00,Sat,Thursday Cruises, Big Bang, Redwood Port,Australia,o/n,17:00:00,,,x,,,,,,,,,,
2024,MAR,2024-03-09 00:00:00,Sat,Domingo Cruises, Nebula Storm, Redwood Port,Australia,12:00:00,o/n,,,x,,,,,,,,,,
2024,MAR,2024-03-10 00:00:00,Sun,Yellow Cruises, Meteoric Storm, Beech Port,Australia,08:00:00,o/n,,,x,,,,,,,,,,
2024,MAR,2024-03-10 00:00:00,Sun,Sea Cruises, Castor & Pollux, Oak Port,Australia,07:00:00,17:00:00,,x,,,,,,,,,,,
2024,MAR,2024-03-10 00:00:00,Sun,Sea Cruises, Stellar Honeymoon, Redwood Port,Australia,08:00:00,16:00:00,,,x,,,,,,,,,,
2024,MAR,2024-03-10 00:00:00,Sun,Yellow Cruises, Astral Phoenix, Birch Port,Australia,07:00:00,17:00:00,,,x,,,,,,,,,,
2024,MAR,2024-03-10 00:00:00,Sun,Domingo Cruises, Nebula Storm, Redwood Port,Australia,o/n,13:00:00,,,x,,,,,,,,,,
2024,MAR,2024-03-11 00:00:00,Mon,Yellow Cruises, Astral Phoenix, Poplar Port,Australia,09:00:00,o/n,,,x,,,,,,,,,,
2024,MAR,2024-03-11 00:00:00,Mon,Yellow Cruises, Meteoric Storm, Beech Port,Australia,o/n,18:00:00,,,x,,,,,,,,,,
2024,MAR,2024-03-11 00:00:00,Mon,Yellow Cruises, Aurora Borealis, Maple Port,Australia,07:00:00,17:00:00,,x,x,,,,,,,,,,
2024,MAR,2024-03-12 00:00:00,Tue,Yellow Cruises, Astral Phoenix, Poplar Port,Australia,o/n,17:00:00,,,x,,,,,,,,,,
2024,MAR,2024-03-12 00:00:00,Tue,Sea Cruises, Castor & Pollux, Maple Port,Australia,08:00:00,19:00:00,,,x,,,,,,,,,,
2024,MAR,2024-03-12 00:00:00,Tue,Sea Cruises, Cosmic Labyrinth , Sycamore Port,Australia,08:00:00,18:00:00,,,x,,,,,,,,,,
2024,MAR,2024-03-12 00:00:00,Tue,Yellow Cruises, Astral Odyssey, Oak Port,Australia,06:30:00,18:45:00,,x,,,,,,,,,,,
2024,MAR,2024-03-13 00:00:00,Wed,Sea Cruises, Cosmic Labyrinth , Poplar Port,Australia,08:00:00,20:00:00,,,x,,,,,,,,,,
2024,MAR,2024-03-13 00:00:00,Wed,Yellow Cruises, Meteoric Storm, Oak Port,Australia,06:30:00,18:45:00,,x,,,,,,,,,,,
2024,MAR,2024-03-13 00:00:00,Wed,Yellow Cruises, Aurora Borealis, Birch Port,Australia,07:00:00,16:00:00,,,x,,,,,,,,,,
2024,MAR,2024-03-14 00:00:00,Thu,Yellow Cruises, Aurora Borealis, Poplar Port,Australia,10:30:00,18:00:00,,,x,,,,,,,,,,
2024,MAR,2024-03-14 00:00:00,Thu,Sea Cruises, Cosmic Labyrinth , Yew Port,Australia,07:00:00,18:00:00,,,x,,,,,,,,,,
2024,MAR,2024-03-15 00:00:00,Fri,Yellow Cruises, Astral Phoenix, Maple Port,Australia,06:30:00,16:30:00,,x,,,,,,,,,,,
2024,MAR,2024-03-16 00:00:00,Sat,Sea Cruises, Cosmic Labyrinth , Walnut Port,Australia,07:00:00,15:00:00,,,x,,,,,,,,,,
2024,MAR,2024-03-18 00:00:00,Mon,Sea Cruises, Cosmic Labyrinth , Redwood Port,Australia,09:00:00,18:00:00,,,x,,,,,,,,,,
2024,MAR,2024-03-03 00:00:00,Sun,River Cruises, Lonely Comet, Alder Port,Australia,09:00:00,18:00:00,,,x,,,,,,,,,,
2024,MAR,2024-03-19 00:00:00,Tue,Yellow Cruises, Andromeda Star, Oak Port,Australia,06:30:00,18:45:00,,x, ,,,,,,,,,,
2024,MAR,2024-03-20 00:00:00,Wed,Sea Cruises, Andromeda, Willow Port,Australia,13:00:00,20:00:00,,,x,,,,,,,,,,
2024,MAR,2024-03-21 00:00:00,Thu,Sea Cruises, Andromeda, Oak Port,Australia,11:00:00,o/n,,,x,,,,,,,,,,
2024,MAR,2024-03-22 00:00:00,Fri,Sea Cruises, Andromeda, Oak Port,Australia,o/n,18:00:00,,x, ,,,,,,,,,,
2024,MAR,2024-03-22 00:00:00,Fri,Yellow Cruises, Astral Phoenix, Maple Port,Australia,06:30:00,16:30:00,,x,,,,,,,,,,,
2024,MAR,2024-03-22 00:00:00,Fri,Yellow Cruises, Astral Odyssey, Oak Port,Australia,06:30:00,18:45:00,,x,,,,,,,,,,,
2024,MAR,2024-03-23 00:00:00,Sat,Sea Cruises, Andromeda, Ash Port,Australia,08:00:00,18:00:00,,,x,,,,,,,,,,
2024,MAR,2024-03-23 00:00:00,Sat,Yellow Cruises, Astral Odyssey, Willow Port,Australia,10:00:00,20:00:00,,,x,,,,,,,,,,
2024,MAR,2024-03-23 00:00:00,Sat,River Cruises, Lonely Comet, Beech Port,Australia,08:00:00,18:00:00,,,x,,,,,,,,,,
2024,MAR,2024-03-24 00:00:00,Sun,Yellow Cruises, Meteoric Storm, Oak Port,Australia,06:30:00,17:00:00,,x,,,,,,,,,,,
2024,MAR,2024-03-24 00:00:00,Sun,Yellow Cruises, Astral Phoenix, Birch Port,Australia,07:00:00,o/n,,,x,,,,,,,,,,
2024,MAR,2024-03-25 00:00:00,Sun,Yellow Cruises, Astral Phoenix, Birch Port,Australia,o/n,19:00:00,,,x,,,,,,,,,,
2024,MAR,2024-03-25 00:00:00,Mon,Yellow Cruises, Astral Odyssey, Oak Port,Australia,06:30:00,18:45:00,,x,,,,,,,,,,,
2024,MAR,2024-03-25 00:00:00,Mon,River Cruises, Lonely Comet, Elm Port,Australia,08:00:00,19:00:00,,,x,,,,,,,,,,
2024,MAR,2024-03-26 00:00:00,Tue,Sea Cruises, Andromeda, Sycamore Port,Australia,11:00:00,20:00:00,,,x,,,,,,,,,,
2024,MAR,2024-03-27 00:00:00,Wed,Sea Cruises, Andromeda, Poplar Port,Australia,08:00:00,19:00:00,,,x,,,,,,,,,,
2024,MAR,2024-03-27 00:00:00,Wed,Yellow Cruises, Astral Phoenix, Maple Port,Australia,06:30:00,16:30:00,,x,,,,,,,,,,,
2024,MAR,2024-03-27 00:00:00,Wed,River Cruises, Lonely Comet, Oak Port,Australia,06:30:00,o/n,,x,,,,,,,,,,,
2024,MAR,2024-03-28 00:00:00,Thu,River Cruises, Lonely Comet, Oak Port,Australia,o/n,18:00:00,,,x,,,,,,,,,,
2024,MAR,2024-03-28 00:00:00,Thu,Thursday Cruises, Solar Flare, Oak Port,Australia,06:00:00,16:00:00,,x,,,,,,,,,,,
2024,MAR,2024-03-30 00:00:00,Sat,Yellow Cruises, Andromeda Star, Oak Port,Australia,06:30:00,18:45:00,,x, ,,,,,,,,,,
2024,MAR,2024-03-31 00:00:00,Sun,River Cruises, Lonely Comet, Birch Port,Australia,09:00:00,16:00:00,,,x,,,,,,,,,,
2024,APR,2024-04-02 00:00:00,Tue,River Cruises, Lonely Comet, Poplar Port,Australia,09:00:00,17:00:00,,,x,,,,,,,,,,
2024,APR,2024-04-02 00:00:00,Tue,Yellow Cruises, Moonshadow, Redwood Port,Australia,07:00:00,17:00:00,,,x,,,,,,,,,,
2024,APR,2024-04-03 00:00:00,Wed,Yellow Cruises, Astral Odyssey, Oak Port,Australia,06:30:00,18:45:00,,x,,,,,,,,,,,
2024,APR,2024-04-04 00:00:00,Thu,Yellow Cruises, Andromeda Star, Oak Port,Australia,06:30:00,18:45:00,,x, ,,,,,,,,,,
2024,APR,2024-04-04 00:00:00,Thu,Yellow Cruises, Astral Phoenix, Maple Port,Australia,06:30:00,16:30:00,,x,,,,,,,,,,,
2024,APR,2024-04-05 00:00:00,Fri,River Cruises, Lonely Comet, Redwood Port,Australia,09:00:00,17:00:00,,,x,,,,,,,,,,
2024,APR,2024-04-05 00:00:00,Fri,Yellow Cruises, Moonshadow, Cedar Port,Australia,07:00:00,16:00:00,,,x,,,,,,,,,,
2024,APR,2024-04-05 00:00:00,Fri,Yellow Cruises, Meteoric Storm, Oak Port,Australia,06:30:00,18:45:00,,x,,,,,,,,,,,
2024,APR,2024-04-06 00:00:00,Sat,Yellow Cruises, Moonshadow, Birch Port,Australia,08:00:00,17:00:00,,,x,,,,,,,,,,
2024,APR,2024-04-09 00:00:00,Tue,Yellow Cruises, Moonshadow, Oak Port,Australia,06:30:00,18:45:00,,x,,,,,,,,,,,
2024,APR,2024-04-09 00:00:00,Tue,Yellow Cruises, Meteoric Storm, Cypress Port,Australia,08:00:00,20:00:00,,,x,,,,,,,,,,
2024,APR,2024-04-10 00:00:00,Wed,Yellow Cruises, Meteoric Storm, Fir Port,Australia,07:00:00,17:00:00,,,x,,,,,,,,,,
2024,APR,2024-04-12 00:00:00,Fri,Yellow Cruises, Meteoric Storm, Beech Port,Australia,08:00:00,18:00:00,,,x,,,,,,,,,,
2024,APR,2024-04-12 00:00:00,Fri,Yellow Cruises, Andromeda Star, Oak Port,Australia,06:30:00,18:45:00,,x, ,,,,,,,,,,
2024,APR,2024-04-13 00:00:00,Sat,Yellow Cruises, Astral Odyssey, Oak Port,Australia,06:30:00,17:00:00,,x,,,,,,,,,,,
2024,APR,2024-04-14 00:00:00,Sun,Yellow Cruises, Meteoric Storm, Oak Port,Australia,06:30:00,18:45:00,,x,,,,,,,,,,,
